/*Clientes*/
insert into Cliente(idCliente,nomeCliente,CPF,telefone)values(1,'Nome1','12345678909','00999999991')
,(2,'Nome2','12345678910','00999999992')
,(3,'Nome3','12345678911','00999999993')
,(4,'Nome4','12345678912','00999999994')
,(5,'Nome5','12345678913','00999999995')
,(6,'Nome6','12345678914','00999999996')
,(7,'Nome7','12345678915','00999999997')
,(8,'Nome8','12345678916','00999999998')
,(9,'Nome9','12345678917','00999999999')
,(10,'Nome10','12345678918','00999999990')

/*Mecanicos*/
insert into Mecanicos(idMecanicos,nomeMecanico,especialidade,disponibilidade)values(1,'Mecanico1','especialista1','sim')
,(2,'Mecanico2','especialista3','sim')
,(3,'Mecanico3','especialista3','nao')
,(4,'Mecanico4','especialista2','sim')
,(5,'Mecanico5','especialista1','nao')

/*Oficina*/
insert into Oficina(idOficina,endereco)values(1,'Rua Oficina1')
,(2,'Rua Oficina2')
,(3,'Rua Oficina3')
,(4,'Rua Oficina4')

/*OficinaCliente*/
insert into OficinaCliente (Cliente_idCliente,Oficina_idOficina)(1,1)
,(4,2)
,(2,3)
,(4,2)
,(5,1)
,(6,4)
,(7,1)
,(8,3)
,(9,1)
,(10,2;

/*Ordem Servico*/
insert into OrdemServico(idOrdemServico,problema,Oficina_idOficina,autorizacao,dataEntrega)values(1,'trocar pneus',3,'nao','2023-04-10')
,(2,'defeito bateria',2,'sim','2023-01-18')
,(3,'defeito bateria',1,'aguardando autorização','2023-11-23')
,(4,'trocar farol',3,'nao','2023-07-10')
,(5,'verificando',3,'sim','2023-03-05')
,(6,'defeito motor',2,'nao','2023-07-01')
,(7,'defeito suspensão',4,'sim','2023-09-30')
,(8,'trocar janela da porta dianteira',1,'aguardando autorização','2023-08-10')
,(9,'trocar farol',2,'aguardando autorização','2023-07-20')
,(10,'trocar pneus',4,'nao','2023-04-12')

insert into Servico(idServico,descricaoServico,OrdemServico_idOrdemServico,valorServico)values(1,'trocar pneus',1,2000)
,(2,'defeito bateria',2,420)
,(3,'defeito bateria',3,350)
,(4,'trocar farol',4,150)
,(5,'verificando',5,0)
,(6,'defeito motor',6,8000)
,(7,'defeito suspensão',7,3000)
,(8,'trocar janela da porta dianteira',8,625)
,(9,'trocar farol',9,398)
,(10,'trocar pneus',10,3000)

insert into ServicoMecanicos (Servico_idServico,Mecanicos_idMecanicos)values(2,3)
,(3,2)
,(4,5)
,(5,1)
,(6,4)
,(7,1)
,(8,3)
,(9,5)
,(10,2)

insert into Pecas (idPecas,modelo, marca)values(1,'fiesta','ford')
,(2,'gol','volkswagen')
,(3,'fox','volkswagen')
,(4,'mobi','fiat')
,(5,'uno','fiat')
,(6,'hb20','hyundai')
,(7,'ford ka','ford')

insert into PecasOrdemServico(Pecas_idPecas, OrdemServico_idOrdemServico) values(2,1)
,(1,2)
,(7,3)
,(6,4)
,(3,5)
,(2,6)
,(1,7)
,(1,8)
,(4,9)
,(7,10)